# body	sound_m_s	p_wave_m_s	s_wave_m_s	thermal_diffusivity_m2_s	molecular_diffusivity_m2_s
sun	11557.5	0	0	0	0
mercury	515.4	5200	3000	0	0
venus	433.1	6200	3600	7.92e-7	7.27e-7
earth	340.2	5950	3630	2.18e-5	2.00e-5
moon	355.3	5000	2900	0	0
mars	231.5	5400	3200	1.74e-3	1.60e-3
jupiter	933.5	0	0	3.42e-5	3.13e-5
saturn	871.2	0	0	2.59e-5	2.37e-5
uranus	580.9	0	0	9.79e-6	8.98e-6
neptune	568.7	0	0	9.08e-6	8.33e-6
pluto	125.7	0	0	8.18e-2	7.50e-2
io	137.8	5800	3400	0	0
europa	208.3	3800	1900	0	0
ganymede	218.5	3800	1900	0	0
callisto	228.2	3800	1900	0	0
titan	197.7	3800	1900	2.85e-6	2.62e-6
triton	125.7	2800	1400	7.59e-2	6.96e-2
enceladus	0	3800	1900	0	0
rhea	0	3800	1900	0	0
dione	0	3800	1900	0	0
tethys	0	3800	1900	0	0
phobos	0	3200	1800	0	0
deimos	0	3200	1800	0	0
