# ink cloud 8x downsample, 600-dpi source 5096x6560, threshold<96, block>=20
129	215
132	215
133	215
136	215
137	215
146	215
149	215
150	215
154	215
155	215
156	215
157	215
158	215
159	215
129	216
132	216
133	216
134	216
135	216
136	216
146	216
147	216
149	216
150	216
153	216
154	216
155	216
156	216
157	216
158	216
159	216
129	217
131	217
132	217
134	217
135	217
136	217
137	217
146	217
147	217
150	217
153	217
154	217
129	218
131	218
132	218
134	218
135	218
136	218
142	218
143	218
144	218
146	218
147	218
150	218
153	218
154	218
129	219
132	219
133	219
134	219
135	219
136	219
137	219
146	219
147	219
150	219
153	219
154	219
129	220
132	220
133	220
136	220
137	220
150	220
153	220
154	220
153	221
154	221
155	221
156	221
153	222
154	222
156	222
153	223
154	223
153	224
154	224
153	225
154	225
154	226
153	227
154	227
153	228
154	228
153	229
154	229
153	230
154	230
153	231
154	231
154	232
154	233
154	234
155	234
156	234
157	234
154	235
154	236
154	237
154	238
153	239
154	239
153	240
154	240
154	241
153	242
154	242
153	243
154	243
153	244
154	244
153	245
154	245
153	246
154	246
153	247
154	247
155	247
156	247
157	247
153	248
154	248
155	248
156	248
153	249
154	249
153	250
154	250
154	251
187	251
188	251
189	251
440	251
441	251
442	251
443	251
153	252
154	252
186	252
187	252
188	252
189	252
190	252
440	252
441	252
442	252
443	252
444	252
154	253
185	253
186	253
187	253
188	253
189	253
190	253
439	253
440	253
441	253
442	253
443	253
444	253
450	253
451	253
452	253
153	254
154	254
185	254
186	254
187	254
188	254
189	254
190	254
439	254
440	254
441	254
442	254
443	254
444	254
449	254
450	254
451	254
452	254
453	254
153	255
154	255
186	255
187	255
188	255
189	255
440	255
441	255
442	255
443	255
449	255
450	255
451	255
452	255
453	255
454	255
153	256
154	256
187	256
188	256
442	256
449	256
450	256
451	256
452	256
453	256
454	256
153	257
154	257
449	257
450	257
451	257
452	257
453	257
135	258
136	258
145	258
148	258
149	258
153	258
154	258
450	258
451	258
452	258
480	258
481	258
482	258
127	259
128	259
130	259
131	259
132	259
134	259
135	259
145	259
147	259
148	259
149	259
153	259
479	259
480	259
481	259
482	259
483	259
128	260
130	260
133	260
134	260
135	260
145	260
149	260
153	260
154	260
479	260
480	260
481	260
482	260
483	260
128	261
130	261
133	261
134	261
135	261
140	261
141	261
142	261
145	261
149	261
153	261
154	261
155	261
156	261
157	261
158	261
159	261
479	261
480	261
481	261
482	261
483	261
490	261
128	262
130	262
131	262
132	262
133	262
134	262
141	262
142	262
145	262
148	262
153	262
468	262
479	262
480	262
481	262
482	262
483	262
490	262
491	262
128	263
131	263
132	263
134	263
135	263
136	263
145	263
147	263
148	263
149	263
153	263
168	263
169	263
170	263
171	263
467	263
468	263
469	263
481	263
489	263
490	263
491	263
492	263
153	264
167	264
168	264
169	264
170	264
171	264
434	264
435	264
436	264
437	264
467	264
468	264
469	264
488	264
489	264
490	264
491	264
492	264
153	265
154	265
155	265
156	265
167	265
168	265
169	265
170	265
171	265
172	265
305	265
306	265
307	265
433	265
434	265
435	265
436	265
437	265
466	265
467	265
468	265
469	265
470	265
488	265
489	265
490	265
491	265
492	265
493	265
153	266
154	266
155	266
156	266
167	266
168	266
169	266
170	266
171	266
304	266
305	266
306	266
307	266
308	266
433	266
434	266
435	266
436	266
437	266
438	266
466	266
467	266
468	266
469	266
470	266
488	266
489	266
490	266
491	266
492	266
493	266
153	267
168	267
169	267
170	267
171	267
304	267
305	267
306	267
307	267
308	267
346	267
347	267
433	267
434	267
435	267
436	267
437	267
438	267
465	267
466	267
467	267
468	267
469	267
470	267
471	267
153	268
304	268
305	268
306	268
307	268
308	268
345	268
346	268
347	268
348	268
434	268
435	268
436	268
437	268
482	268
483	268
485	268
486	268
153	269
266	269
267	269
268	269
305	269
306	269
307	269
308	269
344	269
345	269
346	269
347	269
348	269
349	269
477	269
478	269
481	269
482	269
483	269
484	269
485	269
486	269
153	270
265	270
266	270
267	270
268	270
269	270
317	270
318	270
319	270
344	270
345	270
346	270
347	270
348	270
349	270
476	270
477	270
478	270
480	270
481	270
482	270
483	270
484	270
485	270
486	270
487	270
153	271
265	271
266	271
267	271
268	271
269	271
270	271
308	271
309	271
316	271
317	271
318	271
319	271
320	271
345	271
346	271
347	271
348	271
437	271
438	271
439	271
476	271
477	271
478	271
479	271
480	271
481	271
482	271
483	271
484	271
485	271
486	271
487	271
488	271
153	272
200	272
201	272
202	272
237	272
238	272
239	272
265	272
266	272
267	272
268	272
269	272
270	272
286	272
287	272
307	272
308	272
309	272
310	272
316	272
317	272
318	272
319	272
320	272
335	272
336	272
337	272
338	272
346	272
347	272
436	272
437	272
438	272
439	272
440	272
475	272
476	272
477	272
478	272
479	272
480	272
481	272
482	272
483	272
484	272
485	272
486	272
487	272
488	272
153	273
154	273
155	273
156	273
157	273
158	273
159	273
160	273
161	273
162	273
163	273
164	273
165	273
166	273
167	273
168	273
169	273
170	273
171	273
172	273
173	273
174	273
175	273
176	273
177	273
178	273
179	273
180	273
181	273
182	273
183	273
184	273
185	273
186	273
187	273
188	273
189	273
190	273
191	273
192	273
193	273
194	273
195	273
196	273
197	273
198	273
199	273
200	273
201	273
202	273
203	273
204	273
205	273
206	273
207	273
208	273
209	273
210	273
211	273
212	273
213	273
214	273
215	273
216	273
217	273
218	273
219	273
220	273
221	273
222	273
223	273
224	273
225	273
226	273
227	273
228	273
229	273
230	273
231	273
232	273
233	273
234	273
235	273
236	273
237	273
238	273
239	273
240	273
241	273
242	273
243	273
244	273
245	273
246	273
247	273
248	273
249	273
250	273
251	273
252	273
253	273
254	273
255	273
256	273
257	273
258	273
259	273
260	273
261	273
262	273
263	273
264	273
265	273
266	273
267	273
268	273
269	273
270	273
271	273
272	273
273	273
274	273
275	273
276	273
277	273
278	273
279	273
280	273
281	273
282	273
283	273
284	273
285	273
286	273
287	273
288	273
289	273
290	273
291	273
292	273
293	273
294	273
295	273
296	273
297	273
298	273
299	273
300	273
301	273
302	273
303	273
304	273
305	273
306	273
307	273
308	273
309	273
310	273
311	273
312	273
313	273
314	273
315	273
316	273
317	273
318	273
319	273
320	273
321	273
322	273
323	273
324	273
325	273
326	273
327	273
328	273
329	273
330	273
331	273
332	273
333	273
334	273
335	273
336	273
337	273
338	273
339	273
340	273
341	273
342	273
343	273
344	273
345	273
346	273
347	273
348	273
349	273
350	273
351	273
352	273
353	273
354	273
355	273
356	273
357	273
358	273
359	273
360	273
361	273
362	273
363	273
364	273
365	273
366	273
367	273
368	273
369	273
370	273
371	273
372	273
373	273
374	273
375	273
376	273
377	273
378	273
379	273
380	273
381	273
382	273
383	273
384	273
385	273
386	273
387	273
388	273
389	273
390	273
391	273
392	273
393	273
394	273
395	273
396	273
397	273
398	273
399	273
400	273
401	273
402	273
403	273
404	273
405	273
406	273
407	273
408	273
409	273
410	273
411	273
412	273
413	273
414	273
415	273
416	273
417	273
418	273
419	273
420	273
421	273
422	273
423	273
424	273
425	273
426	273
427	273
428	273
429	273
430	273
431	273
432	273
433	273
434	273
435	273
436	273
437	273
438	273
439	273
440	273
441	273
442	273
443	273
444	273
445	273
446	273
447	273
448	273
449	273
450	273
451	273
452	273
453	273
454	273
455	273
456	273
457	273
458	273
459	273
460	273
461	273
462	273
463	273
464	273
465	273
466	273
467	273
468	273
469	273
470	273
471	273
472	273
473	273
474	273
475	273
476	273
477	273
478	273
479	273
480	273
481	273
482	273
483	273
484	273
485	273
486	273
487	273
488	273
489	273
490	273
491	273
492	273
153	274
154	274
166	274
199	274
200	274
201	274
202	274
203	274
204	274
236	274
237	274
238	274
239	274
240	274
241	274
242	274
243	274
244	274
256	274
257	274
258	274
259	274
260	274
261	274
262	274
263	274
267	274
268	274
270	274
271	274
272	274
273	274
274	274
275	274
276	274
277	274
278	274
279	274
280	274
281	274
282	274
284	274
285	274
286	274
287	274
288	274
289	274
292	274
293	274
295	274
298	274
299	274
300	274
301	274
303	274
304	274
306	274
307	274
308	274
309	274
310	274
311	274
313	274
317	274
318	274
319	274
320	274
334	274
335	274
336	274
337	274
338	274
339	274
342	274
343	274
344	274
345	274
346	274
358	274
359	274
375	274
384	274
385	274
386	274
387	274
388	274
389	274
390	274
391	274
392	274
393	274
394	274
395	274
396	274
397	274
398	274
399	274
400	274
401	274
402	274
403	274
404	274
405	274
406	274
407	274
408	274
409	274
410	274
411	274
413	274
414	274
415	274
416	274
417	274
418	274
421	274
422	274
423	274
424	274
425	274
436	274
437	274
438	274
439	274
440	274
475	274
476	274
477	274
478	274
479	274
480	274
153	275
199	275
200	275
201	275
202	275
203	275
236	275
237	275
238	275
239	275
240	275
241	275
242	275
243	275
244	275
265	275
266	275
285	275
286	275
287	275
288	275
289	275
306	275
307	275
308	275
309	275
310	275
318	275
323	275
324	275
334	275
335	275
336	275
337	275
338	275
339	275
340	275
341	275
342	275
343	275
344	275
345	275
346	275
359	275
360	275
375	275
376	275
421	275
422	275
423	275
424	275
425	275
437	275
438	275
439	275
153	276
199	276
200	276
201	276
202	276
203	276
237	276
238	276
239	276
240	276
241	276
242	276
243	276
244	276
245	276
264	276
265	276
266	276
267	276
285	276
286	276
287	276
288	276
289	276
307	276
308	276
309	276
310	276
321	276
322	276
323	276
324	276
325	276
335	276
336	276
337	276
338	276
339	276
340	276
341	276
342	276
343	276
344	276
345	276
346	276
359	276
360	276
361	276
375	276
376	276
377	276
421	276
422	276
423	276
424	276
425	276
153	277
201	277
238	277
240	277
241	277
242	277
243	277
244	277
245	277
263	277
264	277
265	277
266	277
267	277
268	277
286	277
287	277
288	277
321	277
322	277
323	277
324	277
325	277
326	277
339	277
340	277
341	277
342	277
343	277
344	277
345	277
359	277
360	277
361	277
362	277
375	277
376	277
377	277
421	277
422	277
423	277
424	277
425	277
153	278
154	278
155	278
156	278
241	278
242	278
243	278
244	278
263	278
264	278
265	278
266	278
267	278
268	278
321	278
322	278
323	278
324	278
325	278
326	278
339	278
340	278
341	278
342	278
343	278
360	278
361	278
362	278
363	278
376	278
377	278
378	278
422	278
423	278
424	278
153	279
154	279
155	279
156	279
242	279
243	279
260	279
264	279
265	279
266	279
267	279
321	279
322	279
323	279
324	279
325	279
339	279
340	279
341	279
342	279
343	279
360	279
361	279
362	279
376	279
377	279
378	279
379	279
153	280
259	280
260	280
261	280
262	280
265	280
266	280
322	280
323	280
324	280
340	280
341	280
360	280
361	280
362	280
376	280
377	280
378	280
153	281
258	281
259	281
260	281
261	281
262	281
363	281
378	281
153	282
258	282
259	282
260	282
261	282
262	282
363	282
364	282
378	282
153	283
258	283
259	283
260	283
261	283
262	283
263	283
364	283
378	283
379	283
153	284
259	284
260	284
261	284
262	284
263	284
264	284
364	284
365	284
379	284
153	285
260	285
261	285
262	285
263	285
264	285
365	285
379	285
380	285
492	285
493	285
153	286
260	286
261	286
262	286
263	286
264	286
366	286
380	286
492	286
493	286
494	286
153	287
260	287
261	287
262	287
263	287
264	287
366	287
367	287
380	287
491	287
492	287
493	287
494	287
153	288
261	288
262	288
263	288
367	288
380	288
381	288
490	288
491	288
492	288
493	288
494	288
495	288
153	289
368	289
381	289
490	289
491	289
492	289
493	289
494	289
495	289
153	290
368	290
381	290
490	290
491	290
492	290
493	290
494	290
495	290
153	291
154	291
155	291
156	291
369	291
381	291
382	291
153	292
154	292
155	292
156	292
369	292
370	292
382	292
153	293
370	293
382	293
444	293
445	293
446	293
153	294
371	294
382	294
383	294
443	294
444	294
445	294
446	294
447	294
153	295
371	295
372	295
383	295
443	295
444	295
445	295
446	295
447	295
153	296
372	296
383	296
443	296
444	296
445	296
446	296
447	296
153	297
373	297
384	297
444	297
445	297
446	297
153	298
373	298
384	298
153	299
374	299
384	299
385	299
432	299
153	300
374	300
375	300
385	300
428	300
429	300
431	300
432	300
433	300
153	301
375	301
385	301
428	301
429	301
433	301
127	302
128	302
131	302
132	302
134	302
135	302
136	302
145	302
148	302
149	302
153	302
376	302
385	302
386	302
424	302
425	302
426	302
428	302
429	302
432	302
433	302
127	303
128	303
130	303
131	303
132	303
134	303
135	303
145	303
147	303
148	303
149	303
153	303
376	303
377	303
386	303
398	303
399	303
404	303
405	303
406	303
421	303
425	303
426	303
428	303
429	303
431	303
433	303
442	303
443	303
448	303
453	303
462	303
464	303
465	303
466	303
470	303
471	303
472	303
475	303
476	303
477	303
479	303
480	303
485	303
488	303
490	303
491	303
494	303
495	303
498	303
128	304
130	304
132	304
134	304
135	304
136	304
145	304
149	304
153	304
154	304
155	304
156	304
157	304
158	304
377	304
386	304
398	304
399	304
405	304
406	304
407	304
417	304
418	304
420	304
421	304
422	304
428	304
429	304
431	304
432	304
433	304
437	304
441	304
442	304
443	304
447	304
448	304
452	304
453	304
457	304
461	304
464	304
465	304
466	304
470	304
471	304
472	304
473	304
475	304
476	304
478	304
479	304
480	304
482	304
483	304
485	304
488	304
490	304
491	304
493	304
494	304
495	304
496	304
498	304
128	305
130	305
132	305
133	305
134	305
135	305
140	305
141	305
142	305
145	305
149	305
153	305
154	305
155	305
156	305
157	305
158	305
159	305
377	305
378	305
387	305
388	305
389	305
390	305
391	305
392	305
393	305
394	305
395	305
397	305
398	305
399	305
406	305
410	305
412	305
418	305
420	305
422	305
436	305
437	305
438	305
441	305
442	305
443	305
447	305
452	305
453	305
454	305
456	305
457	305
461	305
465	305
470	305
473	305
475	305
476	305
477	305
478	305
479	305
480	305
482	305
483	305
485	305
487	305
488	305
490	305
491	305
493	305
496	305
498	305
499	305
128	306
130	306
131	306
132	306
134	306
145	306
147	306
148	306
149	306
153	306
378	306
389	306
390	306
391	306
392	306
393	306
394	306
399	306
405	306
406	306
411	306
412	306
418	306
420	306
422	306
437	306
438	306
443	306
447	306
451	306
454	306
457	306
460	306
465	306
470	306
473	306
475	306
476	306
478	306
479	306
480	306
482	306
483	306
486	306
487	306
490	306
491	306
493	306
496	306
498	306
499	306
102	307
128	307
131	307
132	307
134	307
135	307
136	307
145	307
148	307
149	307
153	307
379	307
399	307
405	307
410	307
411	307
412	307
418	307
420	307
421	307
422	307
436	307
437	307
438	307
439	307
443	307
447	307
451	307
454	307
455	307
457	307
459	307
460	307
465	307
470	307
471	307
472	307
473	307
475	307
476	307
478	307
479	307
480	307
482	307
483	307
486	307
487	307
490	307
491	307
493	307
494	307
495	307
496	307
498	307
499	307
102	308
103	308
104	308
105	308
106	308
153	308
379	308
380	308
397	308
398	308
399	308
404	308
410	308
412	308
418	308
421	308
422	308
441	308
442	308
447	308
448	308
450	308
451	308
452	308
453	308
454	308
455	308
457	308
459	308
465	308
470	308
471	308
472	308
475	308
476	308
477	308
481	308
483	308
490	308
491	308
492	308
494	308
495	308
498	308
102	309
103	309
104	309
105	309
106	309
153	309
154	309
155	309
156	309
380	309
448	309
458	309
498	309
153	310
381	310
153	311
381	311
102	312
104	312
107	312
153	312
382	312
102	313
103	313
104	313
105	313
106	313
153	313
382	313
383	313
105	314
106	314
153	314
383	314
432	314
433	314
102	315
104	315
105	315
106	315
153	315
384	315
428	315
429	315
431	315
432	315
433	315
434	315
102	316
103	316
104	316
106	316
153	316
384	316
385	316
429	316
433	316
153	317
385	317
424	317
425	317
426	317
429	317
433	317
153	318
385	318
386	318
398	318
399	318
405	318
406	318
417	318
418	318
421	318
422	318
425	318
426	318
429	318
431	318
433	318
434	318
441	318
442	318
443	318
448	318
452	318
453	318
457	318
458	318
462	318
464	318
465	318
466	318
471	318
472	318
475	318
476	318
477	318
479	318
480	318
483	318
488	318
490	318
491	318
492	318
494	318
495	318
496	318
498	318
102	319
104	319
153	319
386	319
398	319
399	319
405	319
406	319
407	319
418	319
420	319
421	319
422	319
423	319
429	319
431	319
432	319
433	319
438	319
441	319
443	319
447	319
452	319
453	319
457	319
461	319
464	319
465	319
470	319
471	319
473	319
475	319
479	319
480	319
481	319
483	319
485	319
488	319
490	319
494	319
496	319
497	319
499	319
102	320
103	320
104	320
105	320
106	320
153	320
387	320
388	320
389	320
390	320
391	320
392	320
393	320
394	320
395	320
397	320
398	320
399	320
405	320
406	320
407	320
410	320
411	320
412	320
413	320
418	320
420	320
422	320
423	320
437	320
438	320
439	320
441	320
442	320
443	320
447	320
451	320
452	320
453	320
454	320
456	320
457	320
458	320
461	320
464	320
465	320
466	320
470	320
471	320
473	320
474	320
475	320
476	320
479	320
480	320
481	320
483	320
485	320
487	320
490	320
491	320
494	320
497	320
499	320
106	321
153	321
399	321
400	321
405	321
407	321
411	321
412	321
418	321
420	321
422	321
423	321
437	321
438	321
441	321
443	321
447	321
451	321
454	321
457	321
460	321
464	321
465	321
470	321
471	321
473	321
474	321
475	321
479	321
480	321
483	321
486	321
487	321
490	321
494	321
497	321
499	321
153	322
154	322
155	322
156	322
397	322
399	322
405	322
406	322
407	322
410	322
411	322
412	322
413	322
418	322
420	322
421	322
422	322
437	322
438	322
439	322
441	322
442	322
443	322
447	322
450	322
451	322
454	322
455	322
457	322
459	322
460	322
464	322
465	322
470	322
471	322
472	322
473	322
475	322
476	322
477	322
479	322
481	322
483	322
486	322
487	322
490	322
491	322
494	322
495	322
496	322
499	322
102	323
104	323
153	323
397	323
398	323
399	323
405	323
406	323
421	323
422	323
442	323
447	323
448	323
450	323
451	323
452	323
453	323
454	323
455	323
457	323
459	323
471	323
472	323
476	323
481	323
483	323
490	323
491	323
492	323
494	323
495	323
498	323
499	323
102	324
103	324
104	324
105	324
106	324
153	324
448	324
458	324
498	324
153	325
103	326
104	326
105	326
106	326
153	326
102	327
103	327
106	327
153	327
102	328
107	328
153	328
102	329
106	329
153	329
103	330
104	330
105	330
106	330
153	330
104	331
105	331
153	331
153	332
153	333
148	334
153	334
102	335
104	335
106	335
147	335
148	335
149	335
153	335
154	335
155	335
156	335
102	336
103	336
104	336
105	336
106	336
148	336
153	336
103	337
153	337
102	338
153	338
102	339
103	339
104	339
105	339
106	339
153	339
102	340
153	340
106	341
153	341
104	342
105	342
106	342
153	342
102	343
103	343
104	343
105	343
153	343
104	344
105	344
153	344
106	345
153	345
113	346
116	346
118	346
119	346
120	346
123	346
124	346
127	346
135	346
143	346
148	346
153	346
103	347
104	347
106	347
113	347
116	347
118	347
119	347
122	347
123	347
127	347
129	347
130	347
131	347
132	347
134	347
135	347
138	347
139	347
142	347
143	347
147	347
148	347
149	347
153	347
102	348
104	348
105	348
113	348
116	348
119	348
121	348
122	348
127	348
129	348
132	348
134	348
138	348
139	348
140	348
142	348
144	348
147	348
149	348
150	348
153	348
154	348
185	348
194	348
195	348
204	348
205	348
206	348
207	348
208	348
209	348
210	348
211	348
212	348
213	348
214	348
215	348
216	348
217	348
218	348
219	348
220	348
221	348
222	348
223	348
224	348
225	348
226	348
227	348
228	348
229	348
230	348
231	348
232	348
233	348
234	348
235	348
236	348
237	348
238	348
239	348
240	348
241	348
242	348
243	348
244	348
245	348
246	348
247	348
248	348
249	348
250	348
251	348
252	348
253	348
254	348
255	348
288	348
301	348
302	348
303	348
304	348
305	348
306	348
307	348
308	348
309	348
310	348
311	348
312	348
313	348
314	348
315	348
316	348
317	348
318	348
319	348
320	348
321	348
322	348
323	348
324	348
325	348
326	348
327	348
328	348
329	348
330	348
331	348
332	348
333	348
334	348
335	348
336	348
337	348
338	348
339	348
340	348
341	348
342	348
343	348
344	348
345	348
346	348
347	348
348	348
349	348
350	348
351	348
352	348
353	348
354	348
355	348
356	348
357	348
358	348
359	348
360	348
361	348
362	348
363	348
364	348
365	348
366	348
367	348
368	348
369	348
370	348
371	348
372	348
373	348
374	348
375	348
376	348
377	348
378	348
379	348
380	348
381	348
382	348
383	348
398	348
399	348
400	348
401	348
402	348
403	348
404	348
405	348
406	348
407	348
408	348
409	348
410	348
411	348
413	348
414	348
415	348
416	348
417	348
418	348
419	348
420	348
421	348
422	348
423	348
424	348
425	348
426	348
427	348
428	348
429	348
430	348
431	348
432	348
433	348
434	348
435	348
436	348
437	348
438	348
439	348
440	348
441	348
442	348
443	348
444	348
445	348
446	348
447	348
448	348
449	348
450	348
451	348
452	348
453	348
454	348
455	348
456	348
457	348
458	348
459	348
460	348
461	348
462	348
463	348
464	348
465	348
466	348
467	348
468	348
469	348
470	348
471	348
472	348
473	348
474	348
475	348
476	348
477	348
478	348
479	348
480	348
481	348
482	348
483	348
484	348
485	348
486	348
487	348
488	348
489	348
490	348
491	348
492	348
493	348
494	348
495	348
496	348
497	348
498	348
102	349
103	349
104	349
105	349
106	349
113	349
116	349
119	349
122	349
126	349
127	349
129	349
132	349
135	349
136	349
138	349
140	349
141	349
142	349
144	349
147	349
150	349
153	349
154	349
155	349
156	349
157	349
158	349
159	349
160	349
161	349
162	349
163	349
164	349
165	349
166	349
167	349
168	349
169	349
170	349
171	349
172	349
173	349
174	349
175	349
176	349
177	349
178	349
179	349
180	349
181	349
182	349
183	349
184	349
185	349
186	349
187	349
188	349
189	349
190	349
191	349
192	349
193	349
194	349
195	349
196	349
197	349
198	349
199	349
200	349
201	349
202	349
203	349
204	349
205	349
206	349
207	349
208	349
209	349
210	349
211	349
212	349
213	349
214	349
215	349
216	349
217	349
218	349
219	349
220	349
221	349
222	349
223	349
224	349
225	349
226	349
227	349
228	349
229	349
230	349
231	349
232	349
233	349
234	349
235	349
236	349
237	349
238	349
239	349
240	349
241	349
242	349
243	349
244	349
245	349
246	349
247	349
248	349
249	349
250	349
251	349
252	349
253	349
254	349
255	349
256	349
257	349
258	349
259	349
260	349
261	349
262	349
263	349
264	349
265	349
266	349
267	349
268	349
269	349
270	349
271	349
272	349
273	349
274	349
275	349
276	349
277	349
278	349
279	349
280	349
281	349
282	349
283	349
284	349
285	349
286	349
287	349
288	349
289	349
290	349
291	349
292	349
293	349
294	349
295	349
296	349
297	349
298	349
299	349
300	349
301	349
302	349
303	349
304	349
305	349
306	349
307	349
308	349
309	349
310	349
311	349
312	349
313	349
314	349
315	349
316	349
317	349
318	349
319	349
320	349
321	349
322	349
323	349
324	349
325	349
326	349
327	349
328	349
329	349
330	349
331	349
332	349
333	349
334	349
335	349
336	349
337	349
338	349
339	349
340	349
341	349
342	349
343	349
344	349
345	349
346	349
347	349
348	349
349	349
350	349
351	349
352	349
353	349
354	349
355	349
356	349
357	349
358	349
359	349
360	349
361	349
362	349
363	349
364	349
365	349
366	349
367	349
368	349
369	349
370	349
371	349
372	349
373	349
374	349
375	349
376	349
377	349
378	349
379	349
380	349
381	349
382	349
383	349
384	349
385	349
386	349
387	349
388	349
389	349
390	349
391	349
392	349
393	349
394	349
395	349
396	349
397	349
398	349
399	349
400	349
401	349
402	349
403	349
404	349
405	349
406	349
407	349
408	349
409	349
410	349
411	349
412	349
413	349
414	349
415	349
416	349
417	349
418	349
419	349
420	349
421	349
422	349
423	349
424	349
425	349
426	349
427	349
428	349
429	349
430	349
431	349
432	349
433	349
434	349
435	349
436	349
437	349
438	349
439	349
440	349
441	349
442	349
443	349
444	349
445	349
446	349
447	349
448	349
449	349
450	349
451	349
452	349
453	349
454	349
455	349
456	349
457	349
458	349
459	349
460	349
461	349
462	349
463	349
464	349
465	349
466	349
467	349
468	349
469	349
470	349
471	349
472	349
473	349
474	349
475	349
476	349
477	349
478	349
479	349
480	349
481	349
482	349
483	349
484	349
485	349
486	349
487	349
488	349
489	349
490	349
491	349
492	349
493	349
494	349
495	349
496	349
497	349
498	349
113	350
115	350
116	350
119	350
122	350
123	350
125	350
127	350
129	350
132	350
136	350
138	350
141	350
142	350
144	350
147	350
148	350
149	350
150	350
153	350
411	350
412	350
413	350
414	350
114	351
115	351
119	351
123	351
124	351
125	351
127	351
129	351
130	351
131	351
134	351
135	351
138	351
142	351
143	351
144	351
148	351
149	351
153	351
410	351
411	351
412	351
413	351
414	351
143	352
153	352
410	352
411	352
412	352
413	352
414	352
102	353
106	353
153	353
410	353
411	353
412	353
413	353
414	353
102	354
104	354
106	354
153	354
174	354
175	354
176	354
177	354
411	354
412	354
413	354
102	355
103	355
104	355
105	355
106	355
153	355
174	355
175	355
176	355
177	355
178	355
153	356
173	356
174	356
175	356
176	356
177	356
178	356
102	357
103	357
104	357
105	357
106	357
153	357
174	357
175	357
176	357
177	357
178	357
103	358
104	358
105	358
153	358
174	358
175	358
176	358
177	358
105	359
106	359
153	359
103	360
104	360
105	360
153	360
102	361
103	361
104	361
105	361
106	361
153	361
147	362
148	362
149	362
153	362
154	362
155	362
156	362
102	363
103	363
104	363
105	363
106	363
148	363
153	363
154	363
155	363
103	364
104	364
105	364
106	364
153	364
102	365
153	365
102	366
103	366
104	366
105	366
106	366
153	366
102	367
153	367
153	368
153	369
153	370
153	371
106	372
153	372
106	373
107	373
153	373
153	374
102	375
104	375
153	375
154	375
155	375
156	375
102	376
104	376
153	376
102	377
103	377
104	377
105	377
106	377
153	377
153	378
153	379
103	380
153	380
104	381
105	381
153	381
106	382
153	382
102	383
107	383
153	383
102	384
103	384
104	384
105	384
106	384
153	384
103	385
104	385
105	385
153	385
106	386
153	386
103	387
104	387
105	387
106	387
153	387
209	387
210	387
211	387
102	388
103	388
106	388
153	388
154	388
155	388
208	388
209	388
210	388
211	388
212	388
102	389
103	389
104	389
106	389
148	389
153	389
154	389
155	389
208	389
209	389
210	389
211	389
212	389
104	390
105	390
106	390
127	390
128	390
130	390
131	390
132	390
134	390
135	390
144	390
145	390
147	390
148	390
149	390
153	390
208	390
209	390
210	390
211	390
212	390
128	391
130	391
132	391
134	391
145	391
149	391
153	391
208	391
209	391
210	391
211	391
212	391
123	392
124	392
125	392
128	392
130	392
133	392
134	392
135	392
140	392
141	392
142	392
145	392
148	392
149	392
153	392
154	392
155	392
156	392
157	392
158	392
159	392
209	392
210	392
211	392
123	393
124	393
125	393
128	393
130	393
132	393
134	393
140	393
141	393
142	393
145	393
147	393
149	393
153	393
128	394
130	394
131	394
132	394
134	394
135	394
136	394
145	394
147	394
148	394
149	394
153	394
153	395
153	396
153	397
153	398
457	398
458	398
459	398
153	399
456	399
457	399
458	399
459	399
460	399
153	400
456	400
457	400
458	400
459	400
460	400
153	401
456	401
457	401
458	401
459	401
460	401
153	402
457	402
458	402
459	402
460	402
153	403
458	403
153	404
153	405
154	405
155	405
153	406
153	407
153	408
153	409
153	410
153	411
153	412
153	413
153	414
153	415
234	415
235	415
236	415
430	415
431	415
153	416
233	416
234	416
235	416
236	416
237	416
429	416
430	416
431	416
432	416
153	417
233	417
234	417
235	417
236	417
237	417
428	417
429	417
430	417
431	417
432	417
433	417
153	418
154	418
155	418
156	418
233	418
234	418
235	418
236	418
237	418
428	418
429	418
430	418
431	418
432	418
433	418
153	419
233	419
234	419
235	419
236	419
237	419
428	419
429	419
430	419
431	419
432	419
153	420
234	420
235	420
236	420
429	420
430	420
431	420
432	420
153	421
153	422
153	423
153	424
153	425
153	426
153	427
153	428
153	429
294	429
295	429
153	430
154	430
155	430
293	430
294	430
295	430
296	430
153	431
154	431
155	431
292	431
293	431
294	431
295	431
296	431
297	431
127	432
131	432
132	432
134	432
135	432
144	432
148	432
149	432
153	432
292	432
293	432
294	432
295	432
296	432
297	432
127	433
128	433
130	433
131	433
132	433
133	433
134	433
144	433
145	433
147	433
148	433
149	433
153	433
292	433
293	433
294	433
295	433
296	433
127	434
128	434
130	434
133	434
134	434
135	434
144	434
145	434
149	434
153	434
294	434
295	434
123	435
124	435
125	435
127	435
128	435
130	435
133	435
134	435
140	435
141	435
142	435
144	435
145	435
148	435
149	435
153	435
154	435
155	435
156	435
157	435
158	435
159	435
128	436
130	436
131	436
132	436
133	436
134	436
145	436
147	436
148	436
153	436
425	436
426	436
427	436
433	436
436	436
437	436
438	436
442	436
443	436
446	436
128	437
131	437
132	437
134	437
135	437
145	437
147	437
148	437
149	437
153	437
424	437
425	437
426	437
427	437
428	437
433	437
436	437
438	437
442	437
443	437
446	437
153	438
424	438
425	438
426	438
427	438
428	438
433	438
434	438
435	438
436	438
438	438
442	438
443	438
446	438
153	439
424	439
425	439
426	439
427	439
428	439
434	439
435	439
438	439
442	439
444	439
446	439
153	440
424	440
425	440
426	440
427	440
428	440
434	440
435	440
438	440
439	440
440	440
442	440
443	440
444	440
446	440
153	441
426	441
427	441
439	441
440	441
153	442
153	443
153	444
153	445
153	446
426	446
427	446
439	446
440	446
456	446
473	446
484	446
485	446
153	447
426	447
427	447
433	447
436	447
437	447
438	447
439	447
440	447
441	447
444	447
447	447
450	447
451	447
454	447
455	447
456	447
457	447
458	447
460	447
461	447
463	447
464	447
465	447
472	447
473	447
474	447
477	447
478	447
479	447
480	447
482	447
483	447
484	447
485	447
486	447
488	447
489	447
490	447
153	448
154	448
155	448
156	448
425	448
426	448
427	448
428	448
433	448
434	448
436	448
437	448
438	448
442	448
445	448
446	448
447	448
449	448
450	448
451	448
454	448
460	448
461	448
463	448
464	448
465	448
466	448
472	448
473	448
474	448
477	448
480	448
482	448
486	448
487	448
488	448
489	448
490	448
153	449
424	449
425	449
426	449
427	449
428	449
429	449
434	449
435	449
436	449
437	449
438	449
442	449
445	449
446	449
449	449
450	449
451	449
454	449
457	449
458	449
460	449
461	449
463	449
464	449
465	449
472	449
474	449
475	449
477	449
480	449
482	449
486	449
487	449
488	449
489	449
153	450
424	450
425	450
426	450
427	450
428	450
429	450
434	450
435	450
438	450
441	450
442	450
445	450
446	450
449	450
450	450
451	450
452	450
454	450
455	450
457	450
458	450
460	450
463	450
464	450
465	450
471	450
472	450
475	450
477	450
479	450
480	450
482	450
483	450
486	450
488	450
489	450
490	450
153	451
424	451
425	451
426	451
427	451
428	451
429	451
435	451
438	451
439	451
440	451
441	451
445	451
446	451
448	451
452	451
455	451
456	451
457	451
460	451
461	451
462	451
463	451
464	451
466	451
471	451
472	451
473	451
474	451
475	451
477	451
478	451
479	451
483	451
484	451
485	451
488	451
490	451
153	452
153	453
153	454
153	455
153	456
153	457
153	458
153	459
153	460
153	461
154	461
155	461
156	461
153	462
153	463
153	464
153	465
153	466
153	467
153	468
153	469
153	470
153	471
153	472
153	473
168	473
195	473
224	473
238	473
253	473
267	473
281	473
296	473
324	473
339	473
352	473
367	473
381	473
382	473
410	473
411	473
425	473
438	473
453	473
468	473
482	473
496	473
128	474
129	474
132	474
133	474
135	474
136	474
137	474
146	474
149	474
150	474
153	474
154	474
155	474
168	474
181	474
195	474
209	474
210	474
224	474
238	474
253	474
267	474
281	474
296	474
309	474
310	474
324	474
339	474
352	474
353	474
367	474
381	474
382	474
395	474
396	474
410	474
411	474
425	474
438	474
453	474
468	474
482	474
496	474
129	475
131	475
134	475
135	475
146	475
149	475
150	475
153	475
168	475
181	475
195	475
209	475
210	475
224	475
238	475
253	475
267	475
281	475
296	475
309	475
310	475
324	475
339	475
352	475
367	475
381	475
382	475
395	475
396	475
410	475
411	475
425	475
438	475
453	475
468	475
482	475
496	475
125	476
126	476
129	476
131	476
134	476
135	476
136	476
137	476
142	476
143	476
146	476
149	476
150	476
153	476
168	476
181	476
195	476
209	476
210	476
224	476
238	476
253	476
267	476
281	476
296	476
309	476
324	476
339	476
352	476
367	476
381	476
382	476
395	476
396	476
410	476
411	476
425	476
438	476
453	476
468	476
482	476
496	476
125	477
126	477
129	477
131	477
134	477
135	477
141	477
142	477
143	477
146	477
149	477
150	477
153	477
168	477
181	477
195	477
210	477
224	477
238	477
253	477
267	477
281	477
296	477
309	477
324	477
339	477
352	477
367	477
381	477
382	477
395	477
396	477
411	477
425	477
438	477
453	477
468	477
482	477
496	477
129	478
132	478
133	478
135	478
136	478
137	478
146	478
149	478
150	478
153	478
154	478
155	478
156	478
157	478
158	478
159	478
160	478
162	478
163	478
164	478
165	478
166	478
167	478
168	478
170	478
171	478
172	478
173	478
174	478
175	478
178	478
181	478
186	478
187	478
188	478
194	478
195	478
200	478
203	478
204	478
205	478
206	478
207	478
209	478
210	478
211	478
212	478
213	478
214	478
215	478
216	478
217	478
218	478
219	478
220	478
221	478
222	478
223	478
224	478
225	478
226	478
227	478
228	478
229	478
230	478
231	478
232	478
233	478
234	478
235	478
236	478
237	478
238	478
239	478
240	478
241	478
242	478
243	478
244	478
245	478
246	478
247	478
248	478
249	478
250	478
251	478
252	478
253	478
254	478
255	478
266	478
267	478
281	478
282	478
295	478
296	478
309	478
310	478
315	478
316	478
317	478
318	478
319	478
320	478
321	478
322	478
323	478
324	478
325	478
326	478
327	478
328	478
329	478
330	478
331	478
332	478
333	478
334	478
335	478
336	478
337	478
338	478
339	478
340	478
341	478
342	478
343	478
344	478
345	478
346	478
347	478
348	478
349	478
350	478
351	478
352	478
353	478
354	478
355	478
356	478
357	478
358	478
359	478
360	478
361	478
362	478
363	478
364	478
365	478
366	478
367	478
368	478
369	478
370	478
371	478
372	478
373	478
374	478
375	478
376	478
377	478
378	478
379	478
380	478
381	478
382	478
383	478
392	478
393	478
394	478
395	478
396	478
399	478
400	478
401	478
402	478
403	478
404	478
405	478
406	478
407	478
408	478
409	478
410	478
411	478
412	478
413	478
414	478
415	478
416	478
417	478
418	478
419	478
420	478
421	478
422	478
423	478
424	478
425	478
426	478
427	478
428	478
429	478
430	478
431	478
432	478
433	478
434	478
435	478
436	478
437	478
438	478
439	478
440	478
441	478
442	478
443	478
444	478
445	478
446	478
447	478
448	478
449	478
450	478
451	478
452	478
453	478
454	478
455	478
456	478
457	478
458	478
459	478
460	478
461	478
462	478
463	478
464	478
465	478
466	478
467	478
468	478
469	478
470	478
471	478
472	478
473	478
474	478
475	478
476	478
477	478
478	478
479	478
480	478
481	478
482	478
483	478
484	478
485	478
486	478
487	478
488	478
489	478
490	478
491	478
492	478
493	478
494	478
495	478
496	478
153	479
154	479
155	479
156	479
157	479
158	479
159	479
160	479
161	479
162	479
163	479
164	479
165	479
166	479
167	479
168	479
169	479
170	479
171	479
172	479
173	479
174	479
175	479
176	479
177	479
178	479
179	479
180	479
181	479
182	479
183	479
184	479
185	479
186	479
187	479
188	479
189	479
190	479
191	479
192	479
193	479
194	479
195	479
196	479
197	479
198	479
199	479
200	479
201	479
202	479
203	479
204	479
205	479
206	479
207	479
208	479
209	479
210	479
211	479
212	479
213	479
214	479
215	479
216	479
217	479
218	479
219	479
220	479
221	479
222	479
223	479
224	479
225	479
226	479
227	479
228	479
229	479
230	479
231	479
232	479
233	479
234	479
235	479
236	479
237	479
238	479
239	479
240	479
241	479
242	479
243	479
244	479
245	479
246	479
247	479
248	479
249	479
250	479
251	479
252	479
253	479
254	479
255	479
256	479
257	479
258	479
259	479
260	479
261	479
262	479
263	479
264	479
265	479
266	479
267	479
268	479
269	479
270	479
271	479
272	479
273	479
274	479
275	479
276	479
277	479
278	479
279	479
280	479
281	479
282	479
283	479
284	479
285	479
286	479
287	479
288	479
289	479
290	479
291	479
292	479
293	479
294	479
295	479
296	479
297	479
298	479
299	479
300	479
301	479
302	479
303	479
304	479
305	479
306	479
307	479
308	479
309	479
310	479
311	479
312	479
313	479
314	479
315	479
316	479
317	479
318	479
319	479
320	479
321	479
322	479
323	479
324	479
325	479
326	479
327	479
328	479
329	479
330	479
331	479
332	479
333	479
334	479
335	479
336	479
337	479
338	479
339	479
340	479
341	479
342	479
343	479
344	479
345	479
346	479
347	479
348	479
349	479
350	479
351	479
352	479
353	479
354	479
355	479
356	479
357	479
358	479
359	479
360	479
361	479
362	479
363	479
364	479
365	479
366	479
367	479
368	479
369	479
370	479
371	479
372	479
373	479
374	479
375	479
376	479
377	479
378	479
379	479
380	479
381	479
382	479
383	479
384	479
385	479
386	479
387	479
388	479
389	479
390	479
391	479
392	479
393	479
394	479
395	479
396	479
397	479
398	479
399	479
400	479
401	479
402	479
403	479
404	479
405	479
406	479
407	479
408	479
409	479
410	479
411	479
412	479
413	479
414	479
415	479
416	479
417	479
418	479
419	479
420	479
421	479
422	479
423	479
424	479
425	479
426	479
427	479
428	479
429	479
430	479
431	479
432	479
433	479
434	479
435	479
436	479
437	479
438	479
439	479
440	479
441	479
442	479
443	479
444	479
445	479
446	479
447	479
448	479
449	479
450	479
451	479
452	479
453	479
454	479
455	479
456	479
457	479
458	479
459	479
460	479
461	479
462	479
463	479
464	479
465	479
466	479
467	479
468	479
469	479
471	479
472	479
473	479
474	479
475	479
476	479
477	479
478	479
479	479
487	479
490	479
155	482
169	482
181	482
182	482
194	482
195	482
196	482
208	482
209	482
210	482
211	482
222	482
226	482
237	482
238	482
239	482
240	482
254	482
266	482
267	482
268	482
280	482
283	482
296	482
308	482
311	482
312	482
326	482
340	482
352	482
353	482
366	482
367	482
368	482
380	482
381	482
382	482
383	482
394	482
398	482
409	482
410	482
411	482
412	482
427	482
437	482
438	482
439	482
440	482
451	482
452	482
455	482
468	482
481	482
484	482
485	482
496	482
155	483
169	483
181	483
182	483
194	483
207	483
208	483
212	483
222	483
223	483
226	483
237	483
240	483
254	483
266	483
267	483
279	483
280	483
283	483
295	483
296	483
297	483
308	483
309	483
311	483
312	483
326	483
340	483
352	483
353	483
366	483
380	483
384	483
394	483
395	483
398	483
409	483
410	483
412	483
413	483
427	483
437	483
438	483
451	483
452	483
454	483
455	483
467	483
468	483
469	483
481	483
482	483
484	483
485	483
496	483
155	484
169	484
180	484
181	484
182	484
183	484
195	484
196	484
207	484
208	484
212	484
222	484
224	484
225	484
226	484
237	484
240	484
254	484
266	484
267	484
268	484
279	484
280	484
281	484
282	484
283	484
284	484
295	484
297	484
308	484
309	484
311	484
312	484
326	484
340	484
352	484
353	484
354	484
367	484
368	484
379	484
380	484
384	484
394	484
395	484
396	484
397	484
398	484
409	484
410	484
412	484
413	484
427	484
437	484
438	484
439	484
451	484
452	484
453	484
454	484
455	484
456	484
467	484
468	484
469	484
481	484
482	484
483	484
484	484
485	484
496	484
155	485
169	485
180	485
181	485
182	485
183	485
196	485
207	485
208	485
211	485
212	485
222	485
225	485
226	485
237	485
239	485
240	485
254	485
266	485
279	485
281	485
282	485
283	485
284	485
295	485
296	485
297	485
298	485
307	485
308	485
309	485
310	485
312	485
325	485
326	485
340	485
351	485
352	485
353	485
354	485
368	485
380	485
383	485
384	485
393	485
394	485
396	485
397	485
398	485
409	485
410	485
412	485
413	485
426	485
427	485
437	485
438	485
451	485
453	485
454	485
456	485
466	485
467	485
468	485
469	485
470	485
480	485
482	485
483	485
485	485
496	485
153	486
154	486
155	486
167	486
168	486
169	486
179	486
180	486
183	486
194	486
195	486
196	486
208	486
209	486
210	486
211	486
222	486
226	486
237	486
238	486
239	486
252	486
253	486
254	486
266	486
279	486
281	486
284	486
294	486
298	486
307	486
308	486
310	486
312	486
324	486
325	486
338	486
339	486
340	486
351	486
354	486
366	486
367	486
368	486
380	486
381	486
382	486
383	486
393	486
394	486
397	486
398	486
410	486
411	486
412	486
425	486
426	486
427	486
437	486
438	486
451	486
453	486
456	486
466	486
470	486
480	486
483	486
485	486
494	486
495	486
496	486
189	493
193	493
197	493
330	493
333	493
334	493
337	493
455	493
458	493
459	493
462	493
463	493
465	493
466	493
189	494
190	494
192	494
193	494
194	494
195	494
196	494
197	494
198	494
199	494
200	494
201	494
326	494
329	494
330	494
331	494
332	494
333	494
334	494
335	494
337	494
454	494
455	494
457	494
458	494
459	494
460	494
461	494
462	494
463	494
464	494
465	494
466	494
467	494
189	495
190	495
192	495
194	495
195	495
196	495
197	495
198	495
199	495
201	495
202	495
326	495
329	495
331	495
332	495
333	495
334	495
335	495
337	495
455	495
457	495
458	495
459	495
460	495
461	495
462	495
463	495
466	495
467	495
189	496
190	496
192	496
193	496
194	496
196	496
197	496
198	496
199	496
202	496
326	496
329	496
330	496
331	496
332	496
333	496
334	496
335	496
337	496
455	496
458	496
459	496
461	496
462	496
463	496
466	496
189	497
190	497
193	497
195	497
196	497
198	497
199	497
201	497
202	497
326	497
330	497
332	497
333	497
334	497
335	497
337	497
455	497
458	497
459	497
461	497
462	497
463	497
464	497
465	497
466	497
189	498
190	498
193	498
196	498
197	498
200	498
201	498
326	498
329	498
330	498
333	498
334	498
337	498
455	498
458	498
462	498
463	498
464	498
465	498
466	498
467	498
182	514
183	514
184	514
186	514
200	514
210	514
211	514
212	514
216	514
217	514
218	514
221	514
222	514
223	514
230	514
234	514
235	514
252	514
253	514
254	514
255	514
259	514
260	514
264	514
265	514
308	514
309	514
321	514
322	514
339	514
361	514
371	514
372	514
405	514
409	514
413	514
415	514
420	514
421	514
422	514
423	514
426	514
181	515
182	515
183	515
184	515
185	515
186	515
187	515
198	515
199	515
200	515
201	515
209	515
210	515
211	515
212	515
213	515
215	515
216	515
217	515
218	515
219	515
220	515
221	515
222	515
223	515
224	515
230	515
231	515
233	515
234	515
235	515
236	515
252	515
253	515
254	515
255	515
256	515
257	515
258	515
259	515
260	515
261	515
263	515
264	515
265	515
266	515
271	515
272	515
273	515
276	515
277	515
278	515
296	515
297	515
308	515
309	515
319	515
321	515
322	515
336	515
337	515
338	515
339	515
361	515
362	515
368	515
369	515
371	515
372	515
404	515
405	515
409	515
410	515
412	515
413	515
414	515
415	515
420	515
421	515
422	515
423	515
424	515
425	515
426	515
181	516
182	516
186	516
187	516
189	516
190	516
191	516
192	516
198	516
199	516
209	516
210	516
213	516
214	516
215	516
216	516
220	516
221	516
224	516
229	516
230	516
231	516
233	516
235	516
236	516
240	516
241	516
242	516
243	516
244	516
245	516
246	516
247	516
252	516
255	516
256	516
257	516
258	516
261	516
263	516
264	516
266	516
271	516
272	516
273	516
276	516
277	516
278	516
282	516
283	516
284	516
285	516
286	516
287	516
289	516
290	516
291	516
292	516
293	516
294	516
295	516
296	516
297	516
299	516
300	516
301	516
303	516
304	516
305	516
306	516
308	516
309	516
310	516
311	516
312	516
313	516
314	516
315	516
316	516
317	516
318	516
319	516
320	516
321	516
322	516
324	516
325	516
326	516
327	516
328	516
329	516
330	516
331	516
332	516
335	516
336	516
337	516
338	516
339	516
340	516
341	516
342	516
343	516
344	516
345	516
347	516
348	516
349	516
350	516
351	516
352	516
354	516
355	516
356	516
357	516
358	516
359	516
361	516
362	516
363	516
364	516
368	516
369	516
370	516
371	516
372	516
373	516
374	516
376	516
377	516
378	516
379	516
383	516
385	516
386	516
388	516
389	516
390	516
392	516
393	516
394	516
395	516
399	516
400	516
401	516
402	516
404	516
405	516
406	516
409	516
410	516
412	516
413	516
415	516
420	516
423	516
424	516
425	516
426	516
181	517
182	517
183	517
184	517
185	517
186	517
187	517
188	517
189	517
191	517
192	517
198	517
199	517
200	517
201	517
209	517
210	517
213	517
214	517
216	517
217	517
218	517
219	517
221	517
222	517
223	517
224	517
228	517
229	517
230	517
231	517
234	517
235	517
236	517
240	517
241	517
242	517
243	517
244	517
245	517
246	517
247	517
252	517
255	517
256	517
258	517
259	517
260	517
261	517
263	517
264	517
265	517
266	517
272	517
273	517
275	517
276	517
277	517
278	517
282	517
283	517
284	517
285	517
286	517
287	517
289	517
291	517
292	517
294	517
296	517
298	517
299	517
301	517
302	517
303	517
304	517
306	517
307	517
308	517
309	517
311	517
312	517
313	517
315	517
316	517
317	517
319	517
321	517
322	517
323	517
324	517
326	517
327	517
328	517
329	517
331	517
332	517
336	517
337	517
338	517
339	517
341	517
342	517
343	517
344	517
346	517
347	517
349	517
350	517
351	517
352	517
354	517
355	517
356	517
357	517
359	517
361	517
362	517
364	517
369	517
371	517
372	517
374	517
375	517
376	517
377	517
378	517
379	517
383	517
385	517
386	517
388	517
389	517
390	517
392	517
393	517
394	517
395	517
399	517
400	517
402	517
403	517
404	517
405	517
410	517
412	517
413	517
415	517
420	517
421	517
422	517
423	517
424	517
425	517
426	517
181	518
182	518
186	518
187	518
188	518
189	518
191	518
192	518
198	518
201	518
209	518
210	518
213	518
214	518
215	518
218	518
219	518
223	518
224	518
228	518
229	518
230	518
231	518
232	518
233	518
235	518
236	518
240	518
241	518
242	518
245	518
246	518
247	518
248	518
252	518
255	518
256	518
260	518
261	518
266	518
267	518
272	518
273	518
275	518
276	518
277	518
278	518
283	518
284	518
285	518
287	518
288	518
289	518
291	518
294	518
296	518
298	518
299	518
301	518
302	518
303	518
304	518
306	518
307	518
308	518
309	518
311	518
312	518
314	518
315	518
316	518
317	518
319	518
321	518
322	518
323	518
324	518
326	518
327	518
328	518
329	518
331	518
332	518
336	518
338	518
339	518
341	518
342	518
343	518
344	518
346	518
347	518
349	518
350	518
351	518
352	518
354	518
356	518
357	518
359	518
361	518
364	518
369	518
371	518
372	518
374	518
375	518
376	518
377	518
378	518
379	518
383	518
385	518
386	518
388	518
389	518
390	518
391	518
392	518
393	518
394	518
395	518
399	518
400	518
402	518
403	518
404	518
405	518
410	518
411	518
412	518
415	518
420	518
423	518
424	518
425	518
426	518
181	519
182	519
186	519
187	519
188	519
189	519
190	519
191	519
192	519
193	519
194	519
198	519
199	519
200	519
201	519
209	519
210	519
211	519
212	519
213	519
215	519
216	519
217	519
218	519
219	519
220	519
221	519
222	519
223	519
224	519
230	519
231	519
233	519
234	519
235	519
236	519
241	519
242	519
244	519
245	519
246	519
247	519
248	519
252	519
253	519
254	519
255	519
257	519
258	519
259	519
260	519
261	519
263	519
264	519
265	519
266	519
267	519
272	519
273	519
277	519
278	519
282	519
283	519
284	519
285	519
287	519
288	519
289	519
291	519
294	519
296	519
297	519
298	519
299	519
300	519
301	519
302	519
303	519
304	519
306	519
307	519
308	519
309	519
310	519
311	519
312	519
313	519
314	519
315	519
316	519
317	519
319	519
320	519
321	519
322	519
323	519
324	519
325	519
326	519
327	519
328	519
329	519
331	519
332	519
336	519
337	519
338	519
339	519
341	519
342	519
343	519
344	519
346	519
347	519
348	519
349	519
350	519
351	519
352	519
353	519
354	519
355	519
356	519
357	519
358	519
359	519
361	519
364	519
368	519
369	519
370	519
371	519
372	519
374	519
376	519
377	519
378	519
379	519
383	519
384	519
385	519
386	519
388	519
389	519
390	519
391	519
392	519
393	519
394	519
395	519
399	519
400	519
401	519
402	519
404	519
405	519
410	519
411	519
412	519
415	519
416	519
417	519
418	519
419	519
420	519
421	519
422	519
423	519
424	519
425	519
426	519
181	520
182	520
186	520
189	520
190	520
191	520
192	520
194	520
199	520
200	520
210	520
211	520
212	520
216	520
217	520
218	520
221	520
222	520
223	520
234	520
235	520
245	520
246	520
247	520
252	520
253	520
254	520
258	520
259	520
260	520
264	520
265	520
266	520
272	520
273	520
277	520
283	520
284	520
287	520
288	520
291	520
294	520
297	520
299	520
300	520
301	520
306	520
310	520
311	520
312	520
313	520
315	520
316	520
317	520
319	520
324	520
325	520
326	520
331	520
337	520
339	520
348	520
349	520
352	520
353	520
356	520
357	520
358	520
359	520
361	520
364	520
377	520
378	520
384	520
385	520
386	520
388	520
389	520
390	520
393	520
394	520
400	520
401	520
402	520
404	520
411	520
415	520
416	520
417	520
418	520
420	520
421	520
422	520
423	520
425	520
426	520
188	521
189	521
190	521
191	521
287	521
288	521
356	521
357	521
358	521
359	521
556	755
557	755
560	755
561	755
562	755
564	755
565	755
566	755
567	755
555	756
556	756
557	756
559	756
562	756
566	756
556	757
557	757
562	757
565	757
566	757
556	758
557	758
560	758
561	758
565	758
556	759
557	759
559	759
560	759
561	759
564	759
565	759
557	760
559	760
560	760
561	760
562	760
564	760
565	760
